file,n_AC,n_AC_inGrid,n_cubes,max_cd
PDB\1dz7.cif,2484,2484,132691780,0.1
PDB\1gk5.cif,490,490,31507392,0.1
PDB\1n6u.cif,4664,4664,328085478,0.1
PDB\1xr8.cif,385,385,177717925,0.1
PDB\1y8b.cif,7230,7230,377427750,0.1
PDB\2fbs.cif,260,260,4286080,0.1
PDB\2jjs.cif,467,467,181312300,0.1
PDB\2l87.cif,150,150,3532464,0.1
PDB\2ly4.cif,1300,1300,296364978,0.1
PDB\2m7q.cif,1380,1380,33525450,0.1
PDB\2n3j.cif,1960,1960,221478840,0.1
PDB\1ab1.cif,49,49,1143528,0.2
PDB\1anp.cif,308,308,854385,0.2
PDB\1iyt.cif,420,420,4020840,0.2
PDB\1m8a.cif,127,127,3688592,0.2
PDB\1vzo.cif,324,324,17272456,0.2
PDB\1dtn.cif,372,372,162250,0.9
PDB\1f7b.cif,580,580,258960,0.9
PDB\1ab9.cif,246,246,13800,1.7
PDB\1deq.cif,3900,3900,750027,2.3
PDB\1fnt.cif,9110,9110,402948,2.4
PDB\1f11.cif,868,868,37632,2.5
PDB\1hds.cif,572,572,13754,2.5
PDB\1hgd.cif,1509,1509,66555,2.5
PDB\1i0e.cif,1460,1460,232596,2.5
PDB\1i92.cif,95,95,1859,2.5
PDB\1occ.cif,3560,3560,135936,2.5
PDB\1w2b.cif,3739,3739,484352,2.5
PDB\1yk1.cif,809,809,27720,2.5
PDB\2ewy.cif,1496,1496,44280,2.5
PDB\1agw.cif,550,550,14400,2.6
PDB\1ahw.cif,1256,1256,98943,2.6
PDB\1auk.cif,480,480,10260,2.6
PDB\1axc.cif,804,804,18480,2.6
PDB\1b6c.cif,1732,1732,80850,2.6
PDB\1bbr.cif,915,915,36630,2.6
PDB\1bj1.cif,1050,1050,102960,2.6
PDB\1bml.cif,1136,1136,30690,2.6
PDB\1bqh.cif,1256,1256,48546,2.6
PDB\1czd.cif,684,684,19652,2.6
PDB\1dor.cif,622,622,14080,2.6
PDB\1eb7.cif,317,317,6936,2.6
PDB\1f6a.cif,606,606,21689,2.6
PDB\1iu8.cif,412,412,9360,2.6
PDB\1k9i.cif,1283,1283,56277,2.6
PDB\1li1.cif,1359,1359,26796,2.6
PDB\1m6b.cif,1133,1133,104328,2.6
PDB\1q0s.cif,241,241,5712,2.6
PDB\1ukl.cif,1984,1984,80864,2.6
PDB\1x6v.cif,1150,1150,44352,2.6
PDB\1xfb.cif,4104,4104,168150,2.6
PDB\2aw5.cif,1600,1600,67488,2.6
PDB\2fd6.cif,797,797,46060,2.6
PDB\2gse.cif,1901,1901,51612,2.6
PDB\2hye.cif,2129,2129,120156,2.6
PDB\1a31.cif,457,457,13041,2.7
PDB\1a4j.cif,868,868,27300,2.7
PDB\1a4y.cif,1166,1166,22176,2.7
PDB\1a6z.cif,742,742,21000,2.7
PDB\1a81.cif,1518,1518,45288,2.7
PDB\1a8j.cif,430,430,9639,2.7
PDB\1ad5.cif,874,874,24192,2.7
PDB\1agb.cif,383,383,9900,2.7
PDB\1aqc.cif,256,256,8360,2.7
PDB\1aqd.cif,1514,1514,46060,2.7
PDB\1aqk.cif,440,440,12312,2.7
PDB\1awh.cif,590,590,17940,2.7
PDB\1b08.cif,451,451,16900,2.7
PDB\1b0w.cif,324,324,19152,2.7
PDB\1bho.cif,378,378,6188,2.7
PDB\1bvs.cif,1464,1464,53095,2.7
PDB\1bzy.cif,856,856,12312,2.7
PDB\1cl1.cif,781,781,26250,2.7
PDB\1csn.cif,293,293,5814,2.7
PDB\1czz.cif,577,577,18144,2.7
PDB\1d3b.cif,946,946,26404,2.7
PDB\1djs.cif,336,336,8556,2.7
PDB\1e51.cif,625,625,10962,2.7
PDB\1eg4.cif,273,273,5355,2.7
PDB\1exz.cif,528,528,12648,2.7
PDB\1f9c.cif,720,720,15225,2.7
PDB\1f9e.cif,1470,1470,48048,2.7
PDB\1ffk.cif,3656,3656,355680,2.7
PDB\1g2l.cif,290,290,5400,2.7
PDB\1g3j.cif,1036,1036,50688,2.7
PDB\1gag.cif,313,313,7854,2.7
PDB\1gbn.cif,1206,1206,32375,2.7
PDB\1gig.cif,431,431,8208,2.7
PDB\1gua.cif,243,243,4800,2.7
PDB\1h2i.cif,4092,4092,141960,2.7
PDB\1h4o.cif,1288,1288,42000,2.7
PDB\1ha1.cif,167,167,4158,2.7
PDB\1hjv.cif,1448,1448,47915,2.7
PDB\1hsa.cif,768,768,18414,2.7
PDB\1iat.cif,556,556,16146,2.7
PDB\1if1.cif,209,209,5616,2.7
PDB\1iga.cif,1378,1378,52896,2.7
PDB\1ii6.cif,675,675,20979,2.7
PDB\1im9.cif,963,963,56889,2.7
PDB\1jcz.cif,520,520,11088,2.7
PDB\1kjy.cif,707,707,35802,2.7
PDB\1kzq.cif,506,506,15456,2.7
PDB\1lgr.cif,5340,5340,112914,2.7
PDB\1mwt.cif,1261,1261,42864,2.7
PDB\1olz.cif,1242,1242,38628,2.7
PDB\1oqd.cif,1734,1734,96096,2.7
PDB\1ozn.cif,284,284,6912,2.7
PDB\1qba.cif,858,858,19008,2.7
PDB\1sm3.cif,430,430,8208,2.7
PDB\1t77.cif,1656,1656,62776,2.7
PDB\1tqn.cif,468,468,8505,2.7
PDB\1v7m.cif,1148,1148,29716,2.7
PDB\1vyq.cif,418,418,8379,2.7
PDB\1w72.cif,1632,1632,87912,2.7
PDB\1y6l.cif,444,444,14790,2.7
PDB\1yh3.cif,504,504,15750,2.7
PDB\1z3s.cif,432,432,19950,2.7
PDB\2ahx.cif,1226,1226,71858,2.7
PDB\2d31.cif,747,747,33728,2.7
PDB\2fk3.cif,470,470,15600,2.7
PDB\2gt9.cif,770,770,23868,2.7
PDB\2hsb.cif,123,123,1950,2.7
PDB\1914.cif,171,171,3360,2.8
PDB\1a3a.cif,576,576,16016,2.8
PDB\1a88.cif,825,825,15548,2.8
PDB\1a8q.cif,274,274,3315,2.8
PDB\1adq.cif,644,644,24640,2.8
PDB\1ai9.cif,384,384,10920,2.8
PDB\1akn.cif,547,547,9702,2.8
PDB\1ao3.cif,374,374,5586,2.8
PDB\1aox.cif,402,402,9828,2.8
PDB\1apy.cif,604,604,10032,2.8
PDB\1atu.cif,374,374,6900,2.8
PDB\1av1.cif,804,804,51870,2.8
PDB\1axt.cif,434,434,8892,2.8
PDB\1aya.cif,217,217,12400,2.8
PDB\1ayo.cif,260,260,6048,2.8
PDB\1b09.cif,1030,1030,31500,2.8
PDB\1b8d.cif,683,683,17160,2.8
PDB\1bag.cif,425,425,7650,2.8
PDB\1bqq.cif,358,358,7980,2.8
PDB\1buw.cif,568,568,10120,2.8
PDB\1ca9.cif,1148,1148,46546,2.8
PDB\1cqp.cif,364,364,9120,2.8
PDB\1cxp.cif,1138,1138,28350,2.8
PDB\1d0g.cif,781,781,17576,2.8
PDB\1d5b.cif,864,864,19488,2.8
PDB\1d5m.cif,590,590,15834,2.8
PDB\1drt.cif,315,315,4560,2.8
PDB\1eku.cif,506,506,10488,2.8
PDB\1em9.cif,288,288,9576,2.8
PDB\1ext.cif,318,318,15341,2.8
PDB\1exu.cif,355,355,8800,2.8
PDB\1fb1.cif,980,980,34720,2.8
PDB\1fg9.cif,862,862,48576,2.8
PDB\1fj1.cif,1354,1354,48048,2.8
PDB\1fkn.cif,792,792,25088,2.8
PDB\1fv1.cif,775,775,22984,2.8
PDB\1fyt.cif,810,810,32448,2.8
PDB\1fza.cif,1414,1414,78750,2.8
PDB\1ga4.cif,369,369,5202,2.8
PDB\1gkc.cif,315,315,6375,2.8
PDB\1gwb.cif,541,541,12936,2.8
PDB\1h30.cif,391,391,10773,2.8
PDB\1h3i.cif,586,586,14326,2.8
PDB\1h7n.cif,340,340,7200,2.8
PDB\1hbx.cif,569,569,33495,2.8
PDB\1hcf.cif,444,444,11780,2.8
PDB\1hdb.cif,574,574,8740,2.8
PDB\1hqz.cif,1226,1226,42804,2.8
PDB\1hsb.cif,372,372,8228,2.8
PDB\1jdn.cif,407,407,6528,2.8
PDB\1jeq.cif,1068,1068,33263,2.8
PDB\1k9o.cif,599,599,15552,2.8
PDB\1kpr.cif,766,766,35409,2.8
PDB\1l0x.cif,914,914,27060,2.8
PDB\1lgb.cif,386,386,8372,2.8
PDB\1mq4.cif,261,261,4860,2.8
PDB\1omi.cif,451,451,8640,2.8
PDB\1qgd.cif,1324,1324,25172,2.8
PDB\1rwt.cif,2181,2181,151200,2.8
PDB\1sm9.cif,1276,1276,76798,2.8
PDB\1vp8.cif,183,183,2640,2.8
PDB\1w0c.cif,2130,2130,69498,2.8
PDB\1xx9.cif,749,749,18375,2.8
PDB\1yo8.cif,616,616,27720,2.8
PDB\1zb1.cif,734,734,27260,2.8
PDB\2bqz.cif,340,340,10080,2.8
PDB\2bv1.cif,264,264,8100,2.8
PDB\2clr.cif,770,770,36630,2.8
PDB\2e4m.cif,713,713,22464,2.8
PDB\2f5k.cif,483,483,14400,2.8
PDB\2gl8.cif,771,771,14322,2.8
PDB\2h32.cif,439,439,12096,2.8
PDB\2hkf.cif,438,438,10488,2.8
PDB\2id5.cif,1886,1886,61335,2.8
PDB\1a0q.cif,416,416,6656,2.9
PDB\1a1u.cif,58,58,600,2.9
PDB\1a28.cif,500,500,15456,2.9
PDB\1a3k.cif,137,137,1716,2.9
PDB\1a64.cif,188,188,4608,2.9
PDB\1a6a.cif,378,378,8602,2.9
PDB\1a7c.cif,374,374,6048,2.9
PDB\1a8e.cif,329,329,5040,2.9
PDB\1aal.cif,115,115,1920,2.9
PDB\1ag0.cif,256,256,4940,2.9
PDB\1agi.cif,125,125,1716,2.9
PDB\1agj.cif,484,484,9860,2.9
PDB\1am9.cif,313,313,39680,2.9
PDB\1ao6.cif,1156,1156,23625,2.9
PDB\1as4.cif,369,369,6800,2.9
PDB\1aui.cif,543,543,13020,2.9
PDB\1avd.cif,247,247,5472,2.9
PDB\1bbn.cif,133,133,1989,2.9
PDB\1bci.cif,123,123,1152,2.9
PDB\1bo4.cif,273,273,4608,2.9
PDB\1bp3.cif,383,383,10868,2.9
PDB\1bqs.cif,209,209,8075,2.9
PDB\1buy.cif,166,166,3120,2.9
PDB\1bv4.cif,412,412,7056,2.9
PDB\1byq.cif,213,213,3990,2.9
PDB\1c5m.cif,293,293,5130,2.9
PDB\1ckl.cif,756,756,21952,2.9
PDB\1cm0.cif,323,323,6552,2.9
PDB\1cn4.cif,589,589,15444,2.9
PDB\1d3i.cif,989,989,31920,2.9
PDB\1d7e.cif,119,119,1331,2.9
PDB\1ddf.cif,127,127,2992,2.9
PDB\1dpb.cif,243,243,6783,2.9
PDB\1dqv.cif,275,275,7200,2.9
PDB\1ds6.cif,360,360,6840,2.9
PDB\1e77.cif,485,485,9180,2.9
PDB\1eaw.cif,594,594,11560,2.9
PDB\1eo2.cif,440,440,5376,2.9
PDB\1es0.cif,372,372,7680,2.9
PDB\1es7.cif,377,377,8100,2.9
PDB\1f42.cif,297,297,7072,2.9
PDB\1fb0.cif,209,209,3094,2.9
PDB\1fcx.cif,235,235,3192,2.9
PDB\1fl7.cif,387,387,7020,2.9
PDB\1foc.cif,256,256,4624,2.9
PDB\1g0y.cif,331,331,6300,2.9
PDB\1g1s.cif,337,337,10368,2.9
PDB\1g8q.cif,176,176,2475,2.9
PDB\1ghq.cif,570,570,15080,2.9
PDB\1gk4.cif,450,450,17280,2.9
PDB\1huv.cif,349,349,5376,2.9
PDB\1hvy.cif,1148,1148,42624,2.9
PDB\1hyr.cif,527,527,20160,2.9
PDB\1ie7.cif,790,790,16588,2.9
PDB\1igr.cif,471,471,16038,2.9
PDB\1ivo.cif,1115,1115,30360,2.9
PDB\1j42.cif,185,185,2184,2.9
PDB\1j8d.cif,692,692,8064,2.9
PDB\1kug.cif,203,203,2925,2.9
PDB\1kx4.cif,757,757,14616,2.9
PDB\1m3g.cif,145,145,1980,2.9
PDB\1m5x.cif,322,322,6510,2.9
PDB\1o5e.cif,358,358,6336,2.9
PDB\1ov3.cif,283,283,8736,2.9
PDB\1pkg.cif,567,567,17081,2.9
PDB\1psr.cif,200,200,2700,2.9
PDB\1pt6.cif,387,387,6930,2.9
PDB\1q94.cif,768,768,17766,2.9
PDB\1qq0.cif,208,208,3060,2.9
PDB\1qz2.cif,865,865,28288,2.9
PDB\1rjb.cif,298,298,5491,2.9
PDB\1sha.cif,107,107,1540,2.9
PDB\1t09.cif,828,828,16926,2.9
PDB\1tou.cif,131,131,1320,2.9
PDB\1uhl.cif,452,452,7182,2.9
PDB\1xq8.cif,140,140,9724,2.9
PDB\2b2t.cif,431,431,10710,2.9
PDB\2cbz.cif,230,230,4352,2.9
PDB\2e4f.cif,191,191,4560,2.9
PDB\2eva.cif,295,295,5100,2.9
PDB\2fxm.cif,238,238,7440,2.9
PDB\2ipx.cif,215,215,2704,2.9
PDB\2iwg.cif,776,776,14985,2.9
PDB\10mh.cif,327,327,5415,3
PDB\121p.cif,166,165,2028,3
PDB\1a22.cif,372,372,8464,3
PDB\1a2f.cif,291,291,3024,3
PDB\1a7j.cif,279,279,5130,3
PDB\1a87.cif,297,297,5670,3
PDB\1a93.cif,64,64,896,3
PDB\1a9u.cif,351,351,5832,3
PDB\1ag1.cif,498,498,9120,3
PDB\1aly.cif,146,146,1440,3
PDB\1azv.cif,306,306,5520,3
PDB\1b0f.cif,218,218,2002,3
PDB\1bj8.cif,109,109,1408,3
PDB\1bmc.cif,213,213,2112,3
PDB\1bnk.cif,200,200,2340,3
PDB\1c0f.cif,494,494,8664,3
PDB\1coh.cif,574,574,7560,3
PDB\1csb.cif,504,504,12474,3
PDB\1d8d.cif,741,741,16588,3
PDB\1d8u.cif,330,330,5491,3
PDB\1d9c.cif,240,240,3240,3
PDB\1dab.cif,539,539,14973,3
PDB\1db1.cif,250,250,3536,3
PDB\1dbf.cif,381,381,7106,3
PDB\1dtw.cif,708,708,11200,3
PDB\1efy.cif,350,350,5670,3
PDB\1ej8.cif,140,140,1694,3
PDB\1fkc.cif,107,107,1190,3
PDB\1fpo.cif,499,499,15525,3
PDB\1fvr.cif,599,599,11191,3
PDB\1h4l.cif,850,850,14250,3
PDB\1h6t.cif,291,291,5850,3
PDB\1hjq.cif,332,332,3808,3
PDB\1iar.cif,317,317,7980,3
PDB\1ipi.cif,228,228,3080,3
PDB\1jk8.cif,385,385,7752,3
PDB\1lcy.cif,296,296,4500,3
PDB\1lew.cif,351,351,4368,3
PDB\1mdi.cif,118,118,1144,3
PDB\1n4j.cif,113,113,1755,3
PDB\1nja.cif,316,316,4760,3
PDB\1pdr.cif,96,96,792,3
PDB\1qyb.cif,190,190,4032,3
PDB\1r28.cif,244,244,3192,3
PDB\1ten.cif,89,89,702,3
PDB\1tjc.cif,190,190,3960,3
PDB\1tnm.cif,91,91,990,3
PDB\1tnr.cif,283,283,9240,3
PDB\1tzs.cif,336,336,5202,3
PDB\1w28.cif,272,272,3672,3
PDB\1wd8.cif,559,559,14875,3
PDB\1woj.cif,209,209,2912,3
PDB\2ghq.cif,370,370,14283,3
PDB\1a1m.cif,386,386,7040,3.1
PDB\1a8y.cif,338,338,6859,3.1
PDB\1aap.cif,112,112,720,3.1
PDB\1aep.cif,153,153,1536,3.1
PDB\1b0o.cif,161,161,1584,3.1
PDB\1b3a.cif,134,134,2304,3.1
PDB\1b68.cif,138,138,2040,3.1
PDB\1bh7.cif,31,31,490,3.1
PDB\1bhf.cif,108,108,1287,3.1
PDB\1brp.cif,174,174,2366,3.1
PDB\1bw6.cif,56,56,567,3.1
PDB\1c3d.cif,294,294,3120,3.1
PDB\1ca7.cif,342,342,3375,3.1
PDB\1cbh.cif,36,36,192,3.1
PDB\1csg.cif,240,240,2574,3.1
PDB\1cyn.cif,180,180,1980,3.1
PDB\1dve.cif,214,214,2496,3.1
PDB\1g61.cif,450,450,5760,3.1
PDB\1g9o.cif,91,91,1200,3.1
PDB\1gkb.cif,474,474,7084,3.1
PDB\1gq4.cif,90,90,880,3.1
PDB\1gtw.cif,132,132,4200,3.1
PDB\1gyj.cif,152,152,2028,3.1
PDB\1irs.cif,122,122,1560,3.1
PDB\1ktz.cif,188,188,4680,3.1
PDB\1m4r.cif,283,283,2688,3.1
PDB\1n26.cif,299,299,9424,3.1
PDB\1npu.cif,116,116,1280,3.1
PDB\1ogw.cif,74,74,648,3.1
PDB\1pk6.cif,394,394,4352,3.1
PDB\1pxd.cif,149,149,1694,3.1
PDB\1u3e.cif,174,174,5400,3.1
PDB\1x0j.cif,312,312,5940,3.1
PDB\1yok.cif,261,261,3744,3.1
PDB\2brq.cif,213,213,3024,3.1
PDB\2fh9.cif,255,255,3456,3.1
PDB\1alu.cif,157,157,2002,3.2
PDB\1azm.cif,258,258,2340,3.2
PDB\1azp.cif,66,66,792,3.2
PDB\1b5z.cif,260,260,3024,3.2
PDB\1b6e.cif,121,121,1080,3.2
PDB\1bio.cif,228,228,2184,3.2
PDB\1fxl.cif,167,167,2304,3.2
PDB\1fxw.cif,423,423,5760,3.2
PDB\1hcn.cif,195,195,2860,3.2
PDB\1ilk.cif,151,151,4446,3.2
PDB\1pfb.cif,65,65,630,3.2
PDB\1rdv.cif,52,52,294,3.2
PDB\1t0j.cif,299,299,4680,3.2
PDB\2g4i.cif,237,237,2652,3.2
PDB\2gk2.cif,220,220,2475,3.2
PDB\2icc.cif,119,119,1350,3.2
PDB\1a1k.cif,85,85,1848,3.3
PDB\1a6u.cif,228,228,2340,3.3
PDB\1b0x.cif,72,72,720,3.3
PDB\1b34.cif,154,154,2156,3.3
PDB\1gq5.cif,91,91,800,3.3
PDB\1hul.cif,216,216,2200,3.3
PDB\1ceu.cif,51,51,585,3.4
PDB\1irl.cif,133,133,1540,3.5
PDB\1dn3.cif,15,15,80,3.7
PDB\1adn.cif,1288,1288,261854536,RUNTIME 60s+
PDB\1adz.cif,2130,2130,67800000,RUNTIME 60s+
PDB\1afo.cif,1600,1600,127103526,RUNTIME 60s+
PDB\1ah1.cif,2580,2580,86971423,RUNTIME 60s+
PDB\1b41.cif,598,598,228298163,RUNTIME 60s+
PDB\1b4f.cif,613,613,87751680,RUNTIME 60s+
PDB\1bzg.cif,1020,1020,86216130,RUNTIME 60s+
PDB\1c1y.cif,254,254,84390438,RUNTIME 60s+
PDB\1djl.cif,370,370,148104544,RUNTIME 60s+
PDB\1dxr.cif,1191,1191,93030000,RUNTIME 60s+
PDB\1ee0.cif,756,756,267690192,RUNTIME 60s+
PDB\1eqz.cif,883,883,113844528,RUNTIME 60s+
PDB\1f16.cif,3840,3840,143290212,RUNTIME 60s+
PDB\1fzj.cif,390,390,179539360,RUNTIME 60s+
PDB\1haq.cif,4852,4852,13093605,RUNTIME 60s+
PDB\1i16.cif,2600,2600,109202688,RUNTIME 60s+
PDB\1jsp.cif,2800,2800,193668930,RUNTIME 60s+
PDB\1kyv.cif,747,747,293832000,RUNTIME 60s+
PDB\1mgs.cif,3650,3650,96053980,RUNTIME 60s+
PDB\1mjd.cif,2260,2260,159357150,RUNTIME 60s+
PDB\1mke.cif,3024,3024,109855746,RUNTIME 60s+
PDB\1pl6.cif,1404,1404,124665216,RUNTIME 60s+
PDB\1u5m.cif,1460,1460,80932032,RUNTIME 60s+
PDB\1ufw.cif,1900,1900,108461652,RUNTIME 60s+
PDB\1ugo.cif,1980,1980,114006308,RUNTIME 60s+
PDB\1w55.cif,370,370,204141600,RUNTIME 60s+
PDB\1wji.cif,1260,1260,199164672,RUNTIME 60s+
PDB\1x6a.cif,1620,1620,136529146,RUNTIME 60s+
PDB\1ybw.cif,494,494,2565,RUNTIME 60s+
PDB\2ckc.cif,1500,1500,137417280,RUNTIME 60s+
PDB\2cr8.cif,1060,1060,174686085,RUNTIME 60s+
PDB\2d8k.cif,2820,2820,93290850,RUNTIME 60s+
PDB\2dbg.cif,2060,2060,86373600,RUNTIME 60s+
PDB\2djs.cif,2160,2160,78662464,RUNTIME 60s+
PDB\2do4.cif,2000,2000,143481600,RUNTIME 60s+
PDB\2drn.cif,1508,1508,95175575,RUNTIME 60s+
PDB\2ebz.cif,3100,3100,121979829,RUNTIME 60s+
PDB\2ecd.cif,2380,2380,116526330,RUNTIME 60s+
PDB\2eje.cif,2280,2280,116959040,RUNTIME 60s+
PDB\2ekx.cif,2200,2200,78473304,RUNTIME 60s+
PDB\2eo9.cif,2360,2360,338495508,RUNTIME 60s+
PDB\2eu9.cif,350,350,5245520,RUNTIME 60s+
PDB\2fg9.cif,162,162,78943014,RUNTIME 60s+
PDB\2fh7.cif,576,576,292160960,RUNTIME 60s+
PDB\2fuc.cif,243,243,88814349,RUNTIME 60s+
PDB\2fyt.cif,315,315,122640000,RUNTIME 60s+
PDB\2g31.cif,1200,1200,155013100,RUNTIME 60s+
PDB\2i1y.cif,587,587,234312960,RUNTIME 60s+
PDB\2ivs.cif,563,563,281942100,RUNTIME 60s+
PDB\2j2s.cif,1440,1440,104217036,RUNTIME 60s+
PDB\2jil.cif,194,194,80657720,RUNTIME 60s+
PDB\2k58.cif,700,700,89072400,RUNTIME 60s+
PDB\2kbw.cif,1910,1910,115876008,RUNTIME 60s+
PDB\2la6.cif,1980,1980,134410752,RUNTIME 60s+
PDB\2lw8.cif,1830,1830,122634468,RUNTIME 60s+
PDB\2m3x.cif,17640,17640,51435216,RUNTIME 60s+
PDB\2m9x.cif,2240,2240,138821410,RUNTIME 60s+
PDB\2mhg.cif,3000,3000,111098239,RUNTIME 60s+
PDB\2mjv.cif,2760,2760,126067830,RUNTIME 60s+
PDB\132d.cif,0,Error,,
PDB\165d.cif,0,Error,,
PDB\1a13.cif,,,,
PDB\1a6b.cif,,,,
PDB\1a7f.cif,,,,
PDB\1ab2.cif,,,,
PDB\1adx.cif,,,,
PDB\1apf.cif,,,,
PDB\1aud.cif,,,,
PDB\1aww.cif,,,,
PDB\1bn9.cif,0,Error,,
PDB\1bq0.cif,,,,
PDB\1c8p.cif,,,,
PDB\1cb9.cif,,,,
PDB\1cfa.cif,,,,
PDB\1cfg.cif,,,,
PDB\1cix.cif,,,,
PDB\1dpk.cif,,,,
PDB\1dpu.cif,,,,
PDB\1dux.cif,,,,
PDB\1f6u.cif,,,,
PDB\1fa3.cif,,,,
PDB\1g4f.cif,,,,
PDB\1gd5.cif,,,,
PDB\1i8h.cif,,,,
PDB\1iyc.cif,,,,
PDB\1j0s.cif,,,,
PDB\1j3c.cif,,,,
PDB\1jjz.cif,,,,
PDB\1k36.cif,,,,
PDB\1kup.cif,,,,
PDB\1m4e.cif,,,,
PDB\1mpv.cif,,,,
PDB\1mq1.cif,,,,
PDB\1mw4.cif,,,,
PDB\1n6t.cif,,,,
PDB\1p1a.cif,,,,
PDB\1qg9.cif,,,,
PDB\1qzp.cif,,,,
PDB\1rji.cif,,,,
PDB\1s4j.cif,,,,
PDB\1scy.cif,,,,
PDB\1t5q.cif,,,,
PDB\1uap.cif,,,,
PDB\1ucp.cif,,,,
PDB\1ujy.cif,,,,
PDB\1unc.cif,,,,
PDB\1v66.cif,,,,
PDB\1vig.cif,,,,
PDB\1wf0.cif,,,,
PDB\1wfm.cif,,,,
PDB\1wqu.cif,,,,
PDB\1z9e.cif,,,,
PDB\2alb.cif,,,,
PDB\2csa.cif,,,,
PDB\2ean.cif,,,,
PDB\2hcf.cif,,,,
PDB\2hdo.cif,,,,
PDB\2k1k.cif,,,,
PDB\2k2j.cif,,,,
PDB\2k44.cif,,,,
PDB\2k45.cif,,,,
PDB\2kb9.cif,,,,
PDB\2klr.cif,,,,
PDB\2l43.cif,,,,
PDB\2l9i.cif,,,,
PDB\2lso.cif,,,,
PDB\2m2e.cif,,,,
PDB\2maw.cif,,,,
PDB\2mkp.cif,,,,
PDB\2n0b.cif,,,,
PDB\2n2f.cif,,,,
PDB\2o7t.cif,,,,
