file,n_AC,n_AC_inGrid,n_cubes,max_dim
PDB\10mh.cif,327,327,5415,3.0
PDB\121p.cif,166,165,2028,3.0
PDB\132d.cif,0,Error
PDB\165d.cif,0,Error
PDB\1914.cif,171,171,3360,2.8
PDB\1a0q.cif,416,416,6656,2.9
PDB\1a13.cif,
PDB\1a1k.cif,85,85,1848,3.3
PDB\1a1m.cif,386,386,7040,3.1
PDB\1a1u.cif,58,58,600,2.9
PDB\1a22.cif,372,372,8464,3.0
PDB\1a28.cif,500,500,15456,2.9
PDB\1a2f.cif,291,291,3024,3.0
PDB\1a31.cif,457,457,13041,2.7
PDB\1a3a.cif,576,576,16016,2.8
PDB\1a3k.cif,137,137,1716,2.9
PDB\1a4j.cif,868,868,27300,2.7
PDB\1a4y.cif,1166,1166,22176,2.7
PDB\1a64.cif,188,188,4608,2.9
PDB\1a6a.cif,378,378,8602,2.9
PDB\1a6b.cif,
PDB\1a6u.cif,228,228,2340,3.3
PDB\1a6z.cif,742,742,21000,2.7
PDB\1a7c.cif,374,374,6048,2.9
PDB\1a7f.cif,
PDB\1a7j.cif,279,279,5130,3.0
PDB\1a81.cif,1518,1518,45288,2.7
PDB\1a87.cif,297,297,5670,3.0
PDB\1a88.cif,825,825,15548,2.8
PDB\1a8e.cif,329,329,5040,2.9
PDB\1a8j.cif,430,430,9639,2.7
PDB\1a8q.cif,274,274,3315,2.8
PDB\1a8y.cif,338,338,6859,3.1
PDB\1a93.cif,64,64,896,3.0
PDB\1a9u.cif,351,351,5832,3.0
PDB\1aal.cif,115,115,1920,2.9
PDB\1aap.cif,112,112,720,3.1
PDB\1ab1.cif,49,49,1143528,0.2
PDB\1ab2.cif,
PDB\1ab9.cif,246,246,13800,1.7
PDB\1ad5.cif,874,874,24192,2.7
PDB\1adn.cif,1288,1288,261854536,RUNTIME 60s+
PDB\1adq.cif,644,644,24640,2.8
PDB\1adx.cif,
PDB\1adz.cif,2130,2130,67800000,RUNTIME 60s+
PDB\1aep.cif,153,153,1536,3.1
PDB\1afo.cif,1600,1600,127103526,RUNTIME 60s+
PDB\1ag0.cif,256,256,4940,2.9
PDB\1ag1.cif,498,498,9120,3.0
PDB\1agb.cif,383,383,9900,2.7
PDB\1agi.cif,125,125,1716,2.9
PDB\1agj.cif,484,484,9860,2.9
PDB\1agw.cif,550,550,14400,2.6
PDB\1ah1.cif,2580,2580,86971423,RUNTIME 60s+
PDB\1ahw.cif,1256,1256,98943,2.6
PDB\1ai9.cif,384,384,10920,2.8
PDB\1akn.cif,547,547,9702,2.8
PDB\1alu.cif,157,157,2002,3.2
PDB\1aly.cif,146,146,1440,3.0
PDB\1am9.cif,313,313,39680,2.9
PDB\1anp.cif,308,308,854385,0.2
PDB\1ao3.cif,374,374,5586,2.8
PDB\1ao6.cif,1156,1156,23625,2.9
PDB\1aox.cif,402,402,9828,2.8
PDB\1apf.cif,
PDB\1apy.cif,604,604,10032,2.8
PDB\1aqc.cif,256,256,8360,2.7
PDB\1aqd.cif,1514,1514,46060,2.7
PDB\1aqk.cif,440,440,12312,2.7
PDB\1as4.cif,369,369,6800,2.9
PDB\1atu.cif,374,374,6900,2.8
PDB\1aud.cif,
PDB\1aui.cif,543,543,13020,2.9
PDB\1auk.cif,480,480,10260,2.6
PDB\1av1.cif,804,804,51870,2.8
PDB\1avd.cif,247,247,5472,2.9
PDB\1awh.cif,590,590,17940,2.7
PDB\1aww.cif,
PDB\1axc.cif,804,804,18480,2.6
PDB\1axt.cif,434,434,8892,2.8
PDB\1aya.cif,217,217,12400,2.8
PDB\1ayo.cif,260,260,6048,2.8
PDB\1azm.cif,258,258,2340,3.2
PDB\1azp.cif,66,66,792,3.2
PDB\1azv.cif,306,306,5520,3.0
PDB\1b08.cif,451,451,16900,2.7
PDB\1b09.cif,1030,1030,31500,2.8
PDB\1b0f.cif,218,218,2002,3.0
PDB\1b0o.cif,161,161,1584,3.1
PDB\1b0w.cif,324,324,19152,2.7
PDB\1b0x.cif,72,72,720,3.3
PDB\1b34.cif,154,154,2156,3.3
PDB\1b3a.cif,134,134,2304,3.1
PDB\1b41.cif,598,598,228298163,RUNTIME 60s+
PDB\1b4f.cif,613,613,87751680,RUNTIME 60s+
PDB\1b5z.cif,260,260,3024,3.2
PDB\1b68.cif,138,138,2040,3.1
PDB\1b6c.cif,1732,1732,80850,2.6
PDB\1b6e.cif,121,121,1080,3.2
PDB\1b8d.cif,683,683,17160,2.8
PDB\1bag.cif,425,425,7650,2.8
PDB\1bbn.cif,133,133,1989,2.9
PDB\1bbr.cif,915,915,36630,2.6
PDB\1bci.cif,123,123,1152,2.9
PDB\1bh7.cif,31,31,490,3.1
PDB\1bhf.cif,108,108,1287,3.1
PDB\1bho.cif,378,378,6188,2.7
PDB\1bio.cif,228,228,2184,3.2
PDB\1bj1.cif,1050,1050,102960,2.6
PDB\1bj8.cif,109,109,1408,3.0
PDB\1bmc.cif,213,213,2112,3.0
PDB\1bml.cif,1136,1136,30690,2.6
PDB\1bn9.cif,0,Error
PDB\1bnk.cif,200,200,2340,3.0
PDB\1bo4.cif,273,273,4608,2.9
PDB\1bp3.cif,383,383,10868,2.9
PDB\1bq0.cif,
PDB\1bqh.cif,1256,1256,48546,2.6
PDB\1bqq.cif,358,358,7980,2.8
PDB\1bqs.cif,209,209,8075,2.9
PDB\1brp.cif,174,174,2366,3.1
PDB\1buw.cif,568,568,10120,2.8
PDB\1buy.cif,166,166,3120,2.9
PDB\1bv4.cif,412,412,7056,2.9
PDB\1bvs.cif,1464,1464,53095,2.7
PDB\1bw6.cif,56,56,567,3.1
PDB\1byq.cif,213,213,3990,2.9
PDB\1bzg.cif,1020,1020,86216130,RUNTIME 60s+
PDB\1bzy.cif,856,856,12312,2.7
PDB\1c0f.cif,494,494,8664,3.0
PDB\1c1y.cif,254,254,84390438,RUNTIME 60s+
PDB\1c3d.cif,294,294,3120,3.1
PDB\1c5m.cif,293,293,5130,2.9
PDB\1c8p.cif,
PDB\1ca7.cif,342,342,3375,3.1
PDB\1ca9.cif,1148,1148,46546,2.8
PDB\1cb9.cif,
PDB\1cbh.cif,36,36,192,3.1
PDB\1ceu.cif,51,51,585,3.4
PDB\1cfa.cif,
PDB\1cfg.cif,
PDB\1cix.cif,
PDB\1ckl.cif,756,756,21952,2.9
PDB\1cl1.cif,781,781,26250,2.7
PDB\1cm0.cif,323,323,6552,2.9
PDB\1cn4.cif,589,589,15444,2.9
PDB\1coh.cif,574,574,7560,3.0
PDB\1cqp.cif,364,364,9120,2.8
PDB\1csb.cif,504,504,12474,3.0
PDB\1csg.cif,240,240,2574,3.1
PDB\1csn.cif,293,293,5814,2.7
PDB\1cxp.cif,1138,1138,28350,2.8
PDB\1cyn.cif,180,180,1980,3.1
PDB\1czd.cif,684,684,19652,2.6
PDB\1czz.cif,577,577,18144,2.7
PDB\1d0g.cif,781,781,17576,2.8
PDB\1d3b.cif,946,946,26404,2.7
PDB\1d3i.cif,989,989,31920,2.9
PDB\1d5b.cif,864,864,19488,2.8
PDB\1d5m.cif,590,590,15834,2.8
PDB\1d7e.cif,119,119,1331,2.9
PDB\1d8d.cif,741,741,16588,3.0
PDB\1d8u.cif,330,330,5491,3.0
PDB\1d9c.cif,240,240,3240,3.0
PDB\1dab.cif,539,539,14973,3.0
PDB\1db1.cif,250,250,3536,3.0
PDB\1dbf.cif,381,381,7106,3.0
PDB\1ddf.cif,127,127,2992,2.9
PDB\1deq.cif,3900,3900,750027,2.3
PDB\1djl.cif,370,370,148104544,RUNTIME 60s+
PDB\1djs.cif,336,336,8556,2.7
PDB\1dn3.cif,15,15,80,3.7
PDB\1dor.cif,622,622,14080,2.6
PDB\1dpb.cif,243,243,6783,2.9
PDB\1dpk.cif,
PDB\1dpu.cif,
PDB\1dqv.cif,275,275,7200,2.9
PDB\1drt.cif,315,315,4560,2.8
PDB\1ds6.cif,360,360,6840,2.9
PDB\1dtn.cif,372,372,162250,0.9
PDB\1dtw.cif,708,708,11200,3.0
PDB\1dux.cif,
PDB\1dve.cif,214,214,2496,3.1
PDB\1dxr.cif,1191,1191,93030000,RUNTIME 60s+
PDB\1dz7.cif,2484,2484,132691780,0.1
PDB\1e51.cif,625,625,10962,2.7
PDB\1e77.cif,485,485,9180,2.9
PDB\1eaw.cif,594,594,11560,2.9
PDB\1eb7.cif,317,317,6936,2.6
PDB\1ee0.cif,756,756,267690192,RUNTIME 60s+
PDB\1efy.cif,350,350,5670,3.0
PDB\1eg4.cif,273,273,5355,2.7
PDB\1ej8.cif,140,140,1694,3.0
PDB\1eku.cif,506,506,10488,2.8
PDB\1em9.cif,288,288,9576,2.8
PDB\1eo2.cif,440,440,5376,2.9
PDB\1eqz.cif,883,883,113844528,RUNTIME 60s+
PDB\1es0.cif,372,372,7680,2.9
PDB\1es7.cif,377,377,8100,2.9
PDB\1ext.cif,318,318,15341,2.8
PDB\1exu.cif,355,355,8800,2.8
PDB\1exz.cif,528,528,12648,2.7
PDB\1f11.cif,868,868,37632,2.5
PDB\1f16.cif,3840,3840,143290212,RUNTIME 60s+
PDB\1f42.cif,297,297,7072,2.9
PDB\1f6a.cif,606,606,21689,2.6
PDB\1f6u.cif,
PDB\1f7b.cif,580,580,258960,0.9
PDB\1f9c.cif,720,720,15225,2.7
PDB\1f9e.cif,1470,1470,48048,2.7
PDB\1fa3.cif,
PDB\1fb0.cif,209,209,3094,2.9
PDB\1fb1.cif,980,980,34720,2.8
PDB\1fcx.cif,235,235,3192,2.9
PDB\1ffk.cif,3656,3656,355680,2.7
PDB\1fg9.cif,862,862,48576,2.8
PDB\1fj1.cif,1354,1354,48048,2.8
PDB\1fkc.cif,107,107,1190,3.0
PDB\1fkn.cif,792,792,25088,2.8
PDB\1fl7.cif,387,387,7020,2.9
PDB\1fnt.cif,9110,9110,402948,2.4
PDB\1foc.cif,256,256,4624,2.9
PDB\1fpo.cif,499,499,15525,3.0
PDB\1fv1.cif,775,775,22984,2.8
PDB\1fvr.cif,599,599,11191,3.0
PDB\1fxl.cif,167,167,2304,3.2
PDB\1fxw.cif,423,423,5760,3.2
PDB\1fyt.cif,810,810,32448,2.8
PDB\1fza.cif,1414,1414,78750,2.8
PDB\1fzj.cif,390,390,179539360,RUNTIME 60s+
PDB\1g0y.cif,331,331,6300,2.9
PDB\1g1s.cif,337,337,10368,2.9
PDB\1g2l.cif,290,290,5400,2.7
PDB\1g3j.cif,1036,1036,50688,2.7
PDB\1g4f.cif,
PDB\1g61.cif,450,450,5760,3.1
PDB\1g8q.cif,176,176,2475,2.9
PDB\1g9o.cif,91,91,1200,3.1
PDB\1ga4.cif,369,369,5202,2.8
PDB\1gag.cif,313,313,7854,2.7
PDB\1gbn.cif,1206,1206,32375,2.7
PDB\1gd5.cif,
PDB\1ghq.cif,570,570,15080,2.9
PDB\1gig.cif,431,431,8208,2.7
PDB\1gk4.cif,450,450,17280,2.9
PDB\1gk5.cif,490,490,31507392,0.1
PDB\1gkb.cif,474,474,7084,3.1
PDB\1gkc.cif,315,315,6375,2.8
PDB\1gq4.cif,90,90,880,3.1
PDB\1gq5.cif,91,91,800,3.3
PDB\1gtw.cif,132,132,4200,3.1
PDB\1gua.cif,243,243,4800,2.7
PDB\1gwb.cif,541,541,12936,2.8
PDB\1gyj.cif,152,152,2028,3.1
PDB\1h2i.cif,4092,4092,141960,2.7
PDB\1h30.cif,391,391,10773,2.8
PDB\1h3i.cif,586,586,14326,2.8
PDB\1h4l.cif,850,850,14250,3.0
PDB\1h4o.cif,1288,1288,42000,2.7
PDB\1h6t.cif,291,291,5850,3.0
PDB\1h7n.cif,340,340,7200,2.8
PDB\1ha1.cif,167,167,4158,2.7
PDB\1haq.cif,4852,4852,13093605,RUNTIME 60s+
PDB\1hbx.cif,569,569,33495,2.8
