file,n_ac
1CEU,51
1BHF,108
2QKH,128
3C59,128
1TOU,131
1BBN,133
1IRL,133
1A3K,137
2X4W,137
1B34,154
5K26,164
121P,166
2XJY,166
1FXL,167
1HA1,167
1914,171
2RI7,177
1CYN,180
4EOT,186
2JIL,194
1HCN,195
3HXT,195
4ERV,196
1BNK,200
5APA,201
1BQS,209
4F80,209
2BRQ,213
1HUL,216
1B0F,218
2GK2,220
4OY9,223
1CSG,240
4JZL,246
3LLI,251
4XSJ,256
1AZM,258
3WSR,261
2BV1,264
1M4R,283
1TNR,283
1LCY,296
1F42,297
2QLU,297
1N26,299
1AZV,306
2YDO,309
3K51,310
1X0J,312
1GKC,315
2FYT,315
2RFJ,315
2QQJ,317
1EXT,318
1CM0,323
3PV6,326
1D8U,330
1DJS,336
1G1S,337
2BQZ,340
1CA7,342
1A9U,351
1EXU,355
1BQQ,358
1CQP,364
1AS4,369
1A22,372
1HSB,372
1A7C,374
1ATU,374
4IB4,375
1ES7,377
1A6A,378
1BHO,378
4O2C,382
1AGB,383
1BP3,383
1AI9,384
1JK8,385
1XR8,385
6CPL,385
1A1M,386
1FL7,387
1PT6,387
1PK6,394
6MT4,398
1AOX,402
3VCL,403
1JDN,407
1VYQ,418
2ZFU,423
1SM3,430
2B2T,431
2HKF,438
3CXD,438
3UON,438
1HCF,444
1Y6L,444
3BIK,446
1GK4,450
2JJS,467
1TQN,468
1AUK,480
1C0F,494
1AG1,498
3SOP,500
5J11,500
1CSB,504
1YH3,504
1EKU,506
3WXV,509
3WXW,509
4ITH,518
1JCZ,520
1HYR,527
4TNB,529
5TL5,539
1GWB,541
1AUI,543
5VAK,558
1WD8,559
4HT1,559
2WOK,561
1PKG,567
1GHQ,570
1A3A,576
1CZZ,577
2P4E,586
1CN4,589
1D5M,590
3ZOS,609
3DI2,616
3BPN,620
1.00E+51,625
1ADQ,644
2XWT,662
6AL5,672
3K2O,673
3AN2,702
4TVS,704
1KJY,707
1DTW,708
4NKQ,708
1F9C,720
3UX9,720
2D31,747
4NFT,748
1XX9,749
1CKL,756
1KPR,766
1HSA,768
1Q94,768
2CLR,770
2GT9,770
2GL8,771
1FV1,775
2IWG,776
1D0G,781
5UNF,785
1FKN,792
2FD6,797
1AV1,804
1AXC,804
1YK1,809
2V1D,815
1A88,825
1T09,828
2XMQ,843
1H4L,850
3D85,854
6BDZ,855
1FG9,862
1QZ2,865
4C57,870
1AD5,874
5UZP,876
2ZPK,887
4DJH,895
1BBR,915
3E4E,923
4GQB,937
1D3B,946
5G53,948
1IM9,963
3L43,965
5I6X,976
3D9S,978
1FB1,980
2OKJ,1003
4ZJS,1028
1B09,1030
1G3J,1036
3HO5,1051
1JEQ,1068
1IVO,1115
1M6B,1133
1CXP,1138
3D2U,1143
1CA9,1148
1HVY,1148
1V7M,1148
1AO6,1156
1A4Y,1166
5LSJ,1177
3D66,1203
3V6O,1224
1OLZ,1242
1AHW,1256
1BQH,1256
1MWT,1261
4JZJ,1368
1PL6,1404
1FZA,1414
5EWJ,1421
1HJV,1448
1I0E,1460
1BVS,1464
1F9E,1470
2EWY,1496
1AQD,1514
1A81,1518
3FBY,1605
1W72,1632
2KLR,1640
1B6C,1732
1OQD,1734
5NB0,1805
6C23,1822
2ID5,1886
2GSE,1901
2N3J,1960
1UKL,1984
2VXS,2043
1AB2,2180
4F7B,2333
1WFM,2760
2MJV,2760
4OMC,2810
6GFF,2953
1MKE,3024
2EBZ,3100
6A3V,3342
1MQ1,3502
1MGS,3650
1F16,3840
1XFB,4104
6G18,6060
4R3O,6286
12CA,ERROR
13PK,ERROR
1A00,ERROR
1A05,ERROR
1A0B,ERROR
1A0O,ERROR
1A15,ERROR
1A1N,ERROR
1A2V,ERROR
1A30,ERROR
1A40,ERROR
1A4L,ERROR
1A4S,ERROR
1A4V,ERROR
1A5F,ERROR
1A5H,ERROR
1A5I,ERROR
1A5K,ERROR
1A5S,ERROR
1A67,ERROR
1A6Q,ERROR
1A75,ERROR
1A7V,ERROR
1A8H,ERROR
1A8I,ERROR
1A8K,ERROR
1A8M,ERROR
1A9N,ERROR
1A9W,ERROR
1A9X,ERROR
1AA1,ERROR
1AA7,ERROR
1AAT,ERROR
1ABR,ERROR
1AD8,ERROR
1ADO,ERROR
1AER,ERROR
1AHE,ERROR
1AI0,ERROR
1AI1,ERROR
1AI4,ERROR
1AIR,ERROR
1AJ8,ERROR
1AKA,ERROR
1AKJ,ERROR
1AKM,ERROR
1AKS,ERROR
1AL7,ERROR
1AMO,ERROR
1ANT,ERROR
1AOH,ERROR
1AOT,ERROR
1AP5,ERROR
1AQ1,ERROR
1AQI,ERROR
1AQZ,ERROR
1AT3,ERROR
1AU1,ERROR
1AWB,ERROR
1AXD,ERROR
1AY9,ERROR
1AZ0,ERROR
1AZN,ERROR
1B11,ERROR
1B2R,ERROR
1B33,ERROR
1B5S,ERROR
1B6B,ERROR
1B78,ERROR
1B7F,ERROR
1BA9,ERROR
1BBS,ERROR
1BD3,ERROR
1BG3,ERROR
1BHW,ERROR
1BJP,ERROR
1BKH,ERROR
1BM7,ERROR
1BMT,ERROR
1BOG,ERROR
1BOS,ERROR
1BU7,ERROR
1BVN,ERROR
1BW0,ERROR
1BZL,ERROR
1C16,ERROR
1C2B,ERROR
1C3A,ERROR
1C4Z,ERROR
1C7Z,ERROR
1C9B,ERROR
1CD9,ERROR
1CDM,ERROR
1CM8,ERROR
1CQX,ERROR
1CX8,ERROR
1CYU,ERROR
1D01,ERROR
1D2O,ERROR
1D3E,ERROR
1D5N,ERROR
1DD1,ERROR
1DDG,ERROR
1DE7,ERROR
1DEV,ERROR
1DFV,ERROR
1DIO,ERROR
1DMW,ERROR
1DOK,ERROR
1DQ8,ERROR
1DQR,ERROR
1DT3,ERROR
1DTZ,ERROR
1DUG,ERROR
1DUJ,ERROR
1.00E+27,ERROR
1E7K,ERROR
1EHK,ERROR
1EJO,ERROR
1EK5,ERROR
1EKF,ERROR
1EPX,ERROR
1EQ3,ERROR
1EQU,ERROR
1EQY,ERROR
1ESL,ERROR
1EUR,ERROR
1EVU,ERROR
1EX4,ERROR
1F05,ERROR
1F0Y,ERROR
1F1F,ERROR
1F1M,ERROR
1F66,ERROR
1F6B,ERROR
1FJ2,ERROR
1FU1,ERROR
1FUJ,ERROR
1FYR,ERROR
1GD8,ERROR
1GWQ,ERROR
1GXS,ERROR
1GY8,ERROR
1H4I,ERROR
1HI7,ERROR
1HT0,ERROR
1HTZ,ERROR
1I0Z,ERROR
1I10,ERROR
1I3Q,ERROR
1IAP,ERROR
1II7,ERROR
1ILP,ERROR
1IRJ,ERROR
1IUE,ERROR
1J1D,ERROR
1J2E,ERROR
1J33,ERROR
1JG8,ERROR
1JWH,ERROR
1K2W,ERROR
1KKH,ERROR
1KKQ,ERROR
1KON,ERROR
1KV3,ERROR
1L4A,ERROR
1LQ8,ERROR
1LVK,ERROR
1M4U,ERROR
1M6H,ERROR
1M6O,ERROR
1MHU,ERROR
1MLA,ERROR
1MQB,ERROR
1MX1,ERROR
1NI2,ERROR
1NI4,ERROR
1NR2,ERROR
1NRN,ERROR
1NSI,ERROR
1NW4,ERROR
1NYS,ERROR
1O5T,ERROR
1OC0,ERROR
1OEP,ERROR
1Q0N,ERROR
1Q2H,ERROR
1QO5,ERROR
1QYM,ERROR
1R46,ERROR
1RY7,ERROR
1S9V,ERROR
1SG1,ERROR
1SHT,ERROR
1STF,ERROR
1T5A,ERROR
1TE6,ERROR
1TVB,ERROR
1U8C,ERROR
1U8F,ERROR
1VHN,ERROR
1VIA,ERROR
1VVJ,ERROR
1WLX,ERROR
1X59,ERROR
1XAR,ERROR
1XWD,ERROR
1YDP,ERROR
1YFK,ERROR
1YJD,ERROR
1YRV,ERROR
1Z92,ERROR
1ZIW,ERROR
2AA0,ERROR
2ACX,ERROR
2B5I,ERROR
2BCK,ERROR
2BVO,ERROR
2C4K,ERROR
2CV5,ERROR
2D85,ERROR
2D9Q,ERROR
2DKA,ERROR
2EJY,ERROR
2F53,ERROR
2F9Q,ERROR
2FFX,ERROR
2G47,ERROR
2H6P,ERROR
2HE3,ERROR
2K8P,ERROR
2KR6,ERROR
2KTY,ERROR
2LBF,ERROR
2LHL,ERROR
2OR8,ERROR
2OSL,ERROR
2PSN,ERROR
2Q6W,ERROR
2QC7,ERROR
2R2J,ERROR
2RHI,ERROR
2RVQ,ERROR
2UZ9,ERROR
2V53,ERROR
2VD6,ERROR
2VDX,ERROR
2W44,ERROR
2WA1,ERROR
2WBJ,ERROR
2WUT,ERROR
2XPG,ERROR
2XQB,ERROR
2XSN,ERROR
2XSX,ERROR
2YKR,ERROR
2ZCH,ERROR
2ZW3,ERROR
3B6R,ERROR
3BRX,ERROR
3BZF,ERROR
3COS,ERROR
3CPF,ERROR
3CW1,ERROR
3CZF,ERROR
3DLJ,ERROR
3FE1,ERROR
3FE2,ERROR
3FYF,ERROR
3GC8,ERROR
3H9E,ERROR
3HL2,ERROR
3IAR,ERROR
3JCS,ERROR
3LDL,ERROR
3LN4,ERROR
3LPO,ERROR
3LQZ,ERROR
3M0D,ERROR
3MOS,ERROR
3MUY,ERROR
3N9Y,ERROR
3OAI,ERROR
3Q4T,ERROR
3QX3,ERROR
3REZ,ERROR
3RJ3,ERROR
3RJD,ERROR
3RO2,ERROR
3RUK,ERROR
3RZE,ERROR
3S2K,ERROR
3URF,ERROR
3V2W,ERROR
3V4P,ERROR
3W39,ERROR
3W4O,ERROR
3W81,ERROR
3WA9,ERROR
3WKJ,ERROR
3ZDR,ERROR
3ZZW,ERROR
4A5W,ERROR
4AWN,ERROR
4BDW,ERROR
4BKN,ERROR
4CSJ,ERROR
4D5Y,ERROR
4D61,ERROR
4F3F,ERROR
4FYQ,ERROR
4HSV,ERROR
4IP8,ERROR
4MSV,ERROR
4NH9,ERROR
4NUU,ERROR
4P4K,ERROR
4PJ1,ERROR
4QMG,ERROR
4QYL,ERROR
4R2A,ERROR
4RV7,ERROR
4V06,ERROR
4V6X,ERROR
4WRN,ERROR
4X96,ERROR
4YAY,ERROR
5BV6,ERROR
5CXV,ERROR
5F3B,ERROR
5F4E,ERROR
5FBH,ERROR
5IEH,ERROR
5IJ0,ERROR
5INC,ERROR
5J03,ERROR
5JLH,ERROR
5LGD,ERROR
5MX0,ERROR
5NDD,ERROR
5O9H,ERROR
5O9V,ERROR
5TBY,ERROR
5VEB,ERROR
5VGD,ERROR
5VKJ,ERROR
5W67,ERROR
5Y4M,ERROR
5YHL,ERROR
6A9P,ERROR
6AK3,ERROR
6C0V,ERROR
6C0W,ERROR
6CDU,ERROR
6DJP,ERROR
6E3Y,ERROR
6H02,ERROR
6N88,ERROR
